-- MySQL dump 10.16  Distrib 10.2.21-MariaDB, for debian-linux-gnu (x86_64)
--
-- Host: localhost    Database: padron
-- ------------------------------------------------------
-- Server version	10.2.21-MariaDB-10.2.21+maria~xenial-log

/*!40101 SET @OLD_CHARACTER_SET_CLIENT=@@CHARACTER_SET_CLIENT */;
/*!40101 SET @OLD_CHARACTER_SET_RESULTS=@@CHARACTER_SET_RESULTS */;
/*!40101 SET @OLD_COLLATION_CONNECTION=@@COLLATION_CONNECTION */;
/*!40101 SET NAMES utf8mb4 */;
/*!40103 SET @OLD_TIME_ZONE=@@TIME_ZONE */;
/*!40103 SET TIME_ZONE='+00:00' */;
/*!40014 SET @OLD_UNIQUE_CHECKS=@@UNIQUE_CHECKS, UNIQUE_CHECKS=0 */;
/*!40014 SET @OLD_FOREIGN_KEY_CHECKS=@@FOREIGN_KEY_CHECKS, FOREIGN_KEY_CHECKS=0 */;
/*!40101 SET @OLD_SQL_MODE=@@SQL_MODE, SQL_MODE='NO_AUTO_VALUE_ON_ZERO' */;
/*!40111 SET @OLD_SQL_NOTES=@@SQL_NOTES, SQL_NOTES=0 */;

--
-- Table structure for table `habitante`
--

DROP TABLE IF EXISTS `habitante`;
/*!40101 SET @saved_cs_client     = @@character_set_client */;
/*!40101 SET character_set_client = utf8 */;
CREATE TABLE `habitante` (
  `id` char(10) NOT NULL,
  `nombre` varchar(50) NOT NULL,
  `empadronado` char(10) NOT NULL,
  `habita` char(20) NOT NULL,
  `cf` char(10) DEFAULT NULL,
  PRIMARY KEY (`id`),
  KEY `empadronado` (`empadronado`),
  KEY `habita` (`habita`),
  KEY `cf` (`cf`),
  CONSTRAINT `habitante_ibfk_1` FOREIGN KEY (`empadronado`) REFERENCES `municipio` (`codigo`) ON UPDATE CASCADE,
  CONSTRAINT `habitante_ibfk_2` FOREIGN KEY (`habita`) REFERENCES `vivienda` (`nrc`) ON UPDATE CASCADE,
  CONSTRAINT `habitante_ibfk_3` FOREIGN KEY (`cf`) REFERENCES `habitante` (`id`) ON UPDATE CASCADE
) ENGINE=InnoDB DEFAULT CHARSET=utf8mb4;
/*!40101 SET character_set_client = @saved_cs_client */;

--
-- Dumping data for table `habitante`
--

LOCK TABLES `habitante` WRITE;
/*!40000 ALTER TABLE `habitante` DISABLE KEYS */;
INSERT INTO `habitante` VALUES ('001','Hab 001','29004','111',NULL),('002','Hab 002 hijo de 001','29010','111','001'),('003','Hab 003 hijo de 001','29004','111','001'),('004','Hab 004','29008','112','004');
/*!40000 ALTER TABLE `habitante` ENABLE KEYS */;
UNLOCK TABLES;

--
-- Table structure for table `municipio`
--

DROP TABLE IF EXISTS `municipio`;
/*!40101 SET @saved_cs_client     = @@character_set_client */;
/*!40101 SET character_set_client = utf8 */;
CREATE TABLE `municipio` (
  `codigo` char(10) NOT NULL,
  `nombre` varchar(50) NOT NULL,
  PRIMARY KEY (`codigo`)
) ENGINE=InnoDB DEFAULT CHARSET=utf8mb4;
/*!40101 SET character_set_client = @saved_cs_client */;

--
-- Dumping data for table `municipio`
--

LOCK TABLES `municipio` WRITE;
/*!40000 ALTER TABLE `municipio` DISABLE KEYS */;
INSERT INTO `municipio` VALUES ('29004','CRUZ HUMILLADERO'),('29006','PORTADA ALTA'),('29008','LA UNION'),('29010','TEATINOS'),('29011','MÁLAGA CENTRO'),('29012','MÁLAGA ESTE'),('29620','TORREMOLINOS');
/*!40000 ALTER TABLE `municipio` ENABLE KEYS */;
UNLOCK TABLES;

--
-- Table structure for table `propietario`
--

DROP TABLE IF EXISTS `propietario`;
/*!40101 SET @saved_cs_client     = @@character_set_client */;
/*!40101 SET character_set_client = utf8 */;
CREATE TABLE `propietario` (
  `habitante` char(10) NOT NULL,
  `vivienda` char(20) NOT NULL,
  PRIMARY KEY (`habitante`,`vivienda`),
  KEY `vivienda` (`vivienda`),
  CONSTRAINT `propietario_ibfk_1` FOREIGN KEY (`habitante`) REFERENCES `habitante` (`id`) ON UPDATE CASCADE,
  CONSTRAINT `propietario_ibfk_2` FOREIGN KEY (`vivienda`) REFERENCES `vivienda` (`nrc`) ON UPDATE CASCADE
) ENGINE=InnoDB DEFAULT CHARSET=utf8mb4;
/*!40101 SET character_set_client = @saved_cs_client */;

--
-- Dumping data for table `propietario`
--

LOCK TABLES `propietario` WRITE;
/*!40000 ALTER TABLE `propietario` DISABLE KEYS */;
INSERT INTO `propietario` VALUES ('001','111'),('002','111'),('003','111'),('004','112');
/*!40000 ALTER TABLE `propietario` ENABLE KEYS */;
UNLOCK TABLES;

--
-- Table structure for table `vivienda`
--

DROP TABLE IF EXISTS `vivienda`;
/*!40101 SET @saved_cs_client     = @@character_set_client */;
/*!40101 SET character_set_client = utf8 */;
CREATE TABLE `vivienda` (
  `nrc` char(20) NOT NULL,
  `direccion` varchar(50) NOT NULL,
  `municipio` char(10) NOT NULL,
  PRIMARY KEY (`nrc`),
  KEY `municipio` (`municipio`),
  CONSTRAINT `vivienda_ibfk_1` FOREIGN KEY (`municipio`) REFERENCES `municipio` (`codigo`) ON UPDATE CASCADE
) ENGINE=InnoDB DEFAULT CHARSET=utf8mb4;
/*!40101 SET character_set_client = @saved_cs_client */;

--
-- Dumping data for table `vivienda`
--

LOCK TABLES `vivienda` WRITE;
/*!40000 ALTER TABLE `vivienda` DISABLE KEYS */;
INSERT INTO `vivienda` VALUES ('111','Av Dirección 111','29010'),('112','Av Dirección 112','29004'),('113','Av Dirección 113','29008');
/*!40000 ALTER TABLE `vivienda` ENABLE KEYS */;
UNLOCK TABLES;
/*!40103 SET TIME_ZONE=@OLD_TIME_ZONE */;

/*!40101 SET SQL_MODE=@OLD_SQL_MODE */;
/*!40014 SET FOREIGN_KEY_CHECKS=@OLD_FOREIGN_KEY_CHECKS */;
/*!40014 SET UNIQUE_CHECKS=@OLD_UNIQUE_CHECKS */;
/*!40101 SET CHARACTER_SET_CLIENT=@OLD_CHARACTER_SET_CLIENT */;
/*!40101 SET CHARACTER_SET_RESULTS=@OLD_CHARACTER_SET_RESULTS */;
/*!40101 SET COLLATION_CONNECTION=@OLD_COLLATION_CONNECTION */;
/*!40111 SET SQL_NOTES=@OLD_SQL_NOTES */;

-- Dump completed on 2019-01-22 10:39:23
