-- MySQL dump 10.15  Distrib 10.0.38-MariaDB, for debian-linux-gnu (x86_64)
--
-- Host: localhost    Database: almacen
-- ------------------------------------------------------
-- Server version	10.0.38-MariaDB-0ubuntu0.16.04.1

/*!40101 SET @OLD_CHARACTER_SET_CLIENT=@@CHARACTER_SET_CLIENT */;
/*!40101 SET @OLD_CHARACTER_SET_RESULTS=@@CHARACTER_SET_RESULTS */;
/*!40101 SET @OLD_COLLATION_CONNECTION=@@COLLATION_CONNECTION */;
/*!40101 SET NAMES utf8mb4 */;
/*!40103 SET @OLD_TIME_ZONE=@@TIME_ZONE */;
/*!40103 SET TIME_ZONE='+00:00' */;
/*!40014 SET @OLD_UNIQUE_CHECKS=@@UNIQUE_CHECKS, UNIQUE_CHECKS=0 */;
/*!40014 SET @OLD_FOREIGN_KEY_CHECKS=@@FOREIGN_KEY_CHECKS, FOREIGN_KEY_CHECKS=0 */;
/*!40101 SET @OLD_SQL_MODE=@@SQL_MODE, SQL_MODE='NO_AUTO_VALUE_ON_ZERO' */;
/*!40111 SET @OLD_SQL_NOTES=@@SQL_NOTES, SQL_NOTES=0 */;

--
-- Current Database: `almacen`
--

CREATE DATABASE /*!32312 IF NOT EXISTS*/ `almacen` /*!40100 DEFAULT CHARACTER SET utf8mb4 */;

USE `almacen`;

--
-- Table structure for table `piezas`
--

DROP TABLE IF EXISTS `piezas`;
/*!40101 SET @saved_cs_client     = @@character_set_client */;
/*!40101 SET character_set_client = utf8 */;
CREATE TABLE `piezas` (
  `codigo` int(11) NOT NULL,
  `nombre` varchar(100) DEFAULT NULL,
  PRIMARY KEY (`codigo`)
) ENGINE=InnoDB DEFAULT CHARSET=utf8mb4;
/*!40101 SET character_set_client = @saved_cs_client */;

--
-- Dumping data for table `piezas`
--

LOCK TABLES `piezas` WRITE;
/*!40000 ALTER TABLE `piezas` DISABLE KEYS */;
INSERT INTO `piezas` VALUES (1,'pieza 1'),(2,'pieza 2'),(3,'pieza 3'),(4,'una de 4'),(5,'un0 de c1nc0');
/*!40000 ALTER TABLE `piezas` ENABLE KEYS */;
UNLOCK TABLES;

--
-- Table structure for table `proveedores`
--

DROP TABLE IF EXISTS `proveedores`;
/*!40101 SET @saved_cs_client     = @@character_set_client */;
/*!40101 SET character_set_client = utf8 */;
CREATE TABLE `proveedores` (
  `id` char(4) NOT NULL,
  `nombre` varchar(100) DEFAULT NULL,
  PRIMARY KEY (`id`)
) ENGINE=InnoDB DEFAULT CHARSET=utf8mb4;
/*!40101 SET character_set_client = @saved_cs_client */;

--
-- Dumping data for table `proveedores`
--

LOCK TABLES `proveedores` WRITE;
/*!40000 ALTER TABLE `proveedores` DISABLE KEYS */;
INSERT INTO `proveedores` VALUES ('p1','proveedor 1'),('p2','proveedor 2'),('p3','proveedor 3');
/*!40000 ALTER TABLE `proveedores` ENABLE KEYS */;
UNLOCK TABLES;

--
-- Table structure for table `suministra`
--

DROP TABLE IF EXISTS `suministra`;
/*!40101 SET @saved_cs_client     = @@character_set_client */;
/*!40101 SET character_set_client = utf8 */;
CREATE TABLE `suministra` (
  `codigoPieza` int(11) NOT NULL DEFAULT '0',
  `idProveedor` char(4) NOT NULL DEFAULT '',
  `precio` decimal(6,2) DEFAULT NULL,
  PRIMARY KEY (`codigoPieza`,`idProveedor`),
  KEY `idProveedor` (`idProveedor`),
  CONSTRAINT `suministra_ibfk_1` FOREIGN KEY (`codigoPieza`) REFERENCES `piezas` (`codigo`) ON UPDATE CASCADE,
  CONSTRAINT `suministra_ibfk_2` FOREIGN KEY (`idProveedor`) REFERENCES `proveedores` (`id`) ON UPDATE CASCADE
) ENGINE=InnoDB DEFAULT CHARSET=utf8mb4;
/*!40101 SET character_set_client = @saved_cs_client */;

--
-- Dumping data for table `suministra`
--

LOCK TABLES `suministra` WRITE;
/*!40000 ALTER TABLE `suministra` DISABLE KEYS */;
INSERT INTO `suministra` VALUES (1,'p1',800.00),(1,'p2',999.99),(2,'p1',1200.50),(2,'p2',1000.00),(2,'p3',1150.00);
/*!40000 ALTER TABLE `suministra` ENABLE KEYS */;
UNLOCK TABLES;
/*!40103 SET TIME_ZONE=@OLD_TIME_ZONE */;

/*!40101 SET SQL_MODE=@OLD_SQL_MODE */;
/*!40014 SET FOREIGN_KEY_CHECKS=@OLD_FOREIGN_KEY_CHECKS */;
/*!40014 SET UNIQUE_CHECKS=@OLD_UNIQUE_CHECKS */;
/*!40101 SET CHARACTER_SET_CLIENT=@OLD_CHARACTER_SET_CLIENT */;
/*!40101 SET CHARACTER_SET_RESULTS=@OLD_CHARACTER_SET_RESULTS */;
/*!40101 SET COLLATION_CONNECTION=@OLD_COLLATION_CONNECTION */;
/*!40111 SET SQL_NOTES=@OLD_SQL_NOTES */;

-- Dump completed on 2019-03-11 21:39:34
